-- phpMyAdmin SQL Dump
-- version 4.8.5
-- https://www.phpmyadmin.net/
--
-- Servidor: 127.0.0.1
-- Tiempo de generación: 21-04-2023 a las 04:17:58
-- Versión del servidor: 10.1.39-MariaDB
-- Versión de PHP: 7.3.5

SET SQL_MODE = "NO_AUTO_VALUE_ON_ZERO";
SET AUTOCOMMIT = 0;
START TRANSACTION;
SET time_zone = "+00:00";


/*!40101 SET @OLD_CHARACTER_SET_CLIENT=@@CHARACTER_SET_CLIENT */;
/*!40101 SET @OLD_CHARACTER_SET_RESULTS=@@CHARACTER_SET_RESULTS */;
/*!40101 SET @OLD_COLLATION_CONNECTION=@@COLLATION_CONNECTION */;
/*!40101 SET NAMES utf8mb4 */;

--
-- Base de datos: `spotifi`
--

-- --------------------------------------------------------

--
-- Estructura de tabla para la tabla `albumes`
--

CREATE TABLE `albumes` (
  `id` int(11) NOT NULL,
  `artista_id` int(11) NOT NULL,
  `nombre` varchar(150) NOT NULL
) ENGINE=InnoDB DEFAULT CHARSET=utf8mb4;

--
-- Volcado de datos para la tabla `albumes`
--

INSERT INTO `albumes` (`id`, `artista_id`, `nombre`) VALUES
(1, 1, 'Blurryface'),
(2, 2, '72 Seasons'),
(3, 3, 'Nevermind'),
(4, 4, 'The Anxiety'),
(5, 5, 'Different World'),
(6, 6, 'Encore');

-- --------------------------------------------------------

--
-- Estructura de tabla para la tabla `album_canciones`
--

CREATE TABLE `album_canciones` (
  `id` int(11) NOT NULL,
  `album_id` int(11) NOT NULL,
  `cancion_id` int(11) NOT NULL
) ENGINE=InnoDB DEFAULT CHARSET=utf8mb4;

--
-- Volcado de datos para la tabla `album_canciones`
--

INSERT INTO `album_canciones` (`id`, `album_id`, `cancion_id`) VALUES
(1, 1, 1),
(2, 2, 2),
(3, 3, 3),
(4, 4, 4),
(5, 5, 5),
(6, 6, 6);

-- --------------------------------------------------------

--
-- Estructura de tabla para la tabla `artistas`
--

CREATE TABLE `artistas` (
  `id` int(11) NOT NULL,
  `nombre` varchar(100) NOT NULL,
  `imagen` varchar(150) NOT NULL
) ENGINE=InnoDB DEFAULT CHARSET=utf8mb4;

--
-- Volcado de datos para la tabla `artistas`
--

INSERT INTO `artistas` (`id`, `nombre`, `imagen`) VALUES
(1, 'Twenty One Pilots', 'top.jpg'),
(2, 'Metallica', 'metal.png'),
(3, 'Nirvana', 'nirvana.jpg'),
(4, 'Willow Smith', 'smith.jpg'),
(5, 'Alan Walker', 'walker.jpg'),
(6, 'Eminem', 'eminem.jpg');

-- --------------------------------------------------------

--
-- Estructura de tabla para la tabla `canciones`
--

CREATE TABLE `canciones` (
  `id` int(11) NOT NULL,
  `nombre` varchar(100) NOT NULL,
  `artista_id` int(11) NOT NULL,
  `duracion` time NOT NULL,
  `genero_id` int(11) NOT NULL,
  `fecha` date NOT NULL,
  `disponible` tinyint(4) NOT NULL
) ENGINE=InnoDB DEFAULT CHARSET=utf8mb4;

--
-- Volcado de datos para la tabla `canciones`
--

INSERT INTO `canciones` (`id`, `nombre`, `artista_id`, `duracion`, `genero_id`, `fecha`, `disponible`) VALUES
(1, 'Fake You Out', 1, '00:03:07', 1, '2013-04-23', 1),
(2, 'One', 2, '00:08:39', 6, '2016-12-08', 1),
(3, 'Dumb', 3, '00:03:07', 2, '2017-04-12', 0),
(4, 'Wait A Minute!', 4, '00:03:07', 3, '2016-12-08', 1),
(5, 'Darkside', 5, '00:03:07', 4, '2013-04-23', 1),
(6, 'Superman', 6, '00:04:07', 5, '2017-04-12', 1);

-- --------------------------------------------------------

--
-- Estructura de tabla para la tabla `favoritas`
--

CREATE TABLE `favoritas` (
  `id` int(11) NOT NULL,
  `usuario_id` int(11) NOT NULL,
  `cancion_id` int(11) NOT NULL
) ENGINE=InnoDB DEFAULT CHARSET=utf8mb4;

--
-- Volcado de datos para la tabla `favoritas`
--

INSERT INTO `favoritas` (`id`, `usuario_id`, `cancion_id`) VALUES
(1, 1, 1),
(2, 2, 4),
(3, 3, 5),
(4, 4, 3),
(5, 5, 2);

-- --------------------------------------------------------

--
-- Estructura de tabla para la tabla `generos`
--

CREATE TABLE `generos` (
  `id` int(11) NOT NULL,
  `nombre` varchar(30) NOT NULL
) ENGINE=InnoDB DEFAULT CHARSET=utf8mb4;

--
-- Volcado de datos para la tabla `generos`
--

INSERT INTO `generos` (`id`, `nombre`) VALUES
(1, 'Pop'),
(2, 'Rock'),
(3, 'independiente'),
(4, 'Electrónica'),
(5, 'Rap'),
(6, 'Metal');

-- --------------------------------------------------------

--
-- Estructura de tabla para la tabla `membresia`
--

CREATE TABLE `membresia` (
  `id` int(11) NOT NULL,
  `nombre` varchar(100) NOT NULL,
  `precio` double NOT NULL
) ENGINE=InnoDB DEFAULT CHARSET=utf8mb4;

--
-- Volcado de datos para la tabla `membresia`
--

INSERT INTO `membresia` (`id`, `nombre`, `precio`) VALUES
(1, 'Membresía de 1 mes', 99),
(2, 'Membresía de 3 meses', 199),
(3, 'Membresía de 1 año ', 599);

-- --------------------------------------------------------

--
-- Estructura de tabla para la tabla `playlist`
--

CREATE TABLE `playlist` (
  `id` int(11) NOT NULL,
  `nombre` varchar(100) NOT NULL,
  `imagen` varchar(150) NOT NULL,
  `usuario_id` int(11) NOT NULL
) ENGINE=InnoDB DEFAULT CHARSET=utf8mb4;

--
-- Volcado de datos para la tabla `playlist`
--

INSERT INTO `playlist` (`id`, `nombre`, `imagen`, `usuario_id`) VALUES
(1, 'TOP', 'play.jpg', 1),
(2, 'Baño', 'playlist_daniela.png', 2),
(3, 'Viajes', 'viajes.jpg', 3),
(4, 'Favoritas', 'favs.jpg', 4),
(5, 'Rappp', 'playrap.png', 5);

-- --------------------------------------------------------

--
-- Estructura de tabla para la tabla `playlist_canciones`
--

CREATE TABLE `playlist_canciones` (
  `id` int(11) NOT NULL,
  `playlist_id` int(11) NOT NULL,
  `cancion_id` int(11) NOT NULL
) ENGINE=InnoDB DEFAULT CHARSET=utf8mb4;

--
-- Volcado de datos para la tabla `playlist_canciones`
--

INSERT INTO `playlist_canciones` (`id`, `playlist_id`, `cancion_id`) VALUES
(1, 1, 1),
(2, 2, 2),
(3, 3, 3),
(4, 4, 4),
(5, 5, 6),
(6, 4, 5);

-- --------------------------------------------------------

--
-- Estructura de tabla para la tabla `usuarios`
--

CREATE TABLE `usuarios` (
  `id` int(11) NOT NULL,
  `nombre` varchar(100) NOT NULL,
  `correo` varchar(100) NOT NULL,
  `contrasena` varchar(100) NOT NULL,
  `usuario` varchar(30) NOT NULL,
  `telefono` varchar(10) NOT NULL,
  `membresia_id` int(11) NOT NULL
) ENGINE=InnoDB DEFAULT CHARSET=utf8mb4;

--
-- Volcado de datos para la tabla `usuarios`
--

INSERT INTO `usuarios` (`id`, `nombre`, `correo`, `contrasena`, `usuario`, `telefono`, `membresia_id`) VALUES
(1, 'Evelyn', 'evelincastrosamaniego@gmail.com', 'musiquita56', 'culceve', '6677908843', 3),
(2, 'Daniela', 'drodriguezzuñiga@gmail.com', '01634', 'bonbon575', '6674846072', 3),
(3, 'Hasly', 'haslykam98@gmail.com', 'mariposita93572', 'kamilita', '6677953671', 2),
(4, 'María', 'marypau@gmail.com', 'montecar11893', 'MaryPau', '6672463682', 3),
(5, 'Moisés', 'moisesmexico86@gmail.com', '928479347', 'gremlin', '6672681358', 1);

--
-- Índices para tablas volcadas
--

--
-- Indices de la tabla `albumes`
--
ALTER TABLE `albumes`
  ADD PRIMARY KEY (`id`),
  ADD KEY `artista_id` (`artista_id`);

--
-- Indices de la tabla `album_canciones`
--
ALTER TABLE `album_canciones`
  ADD PRIMARY KEY (`id`),
  ADD KEY `album_id` (`album_id`),
  ADD KEY `cancion_id` (`cancion_id`);

--
-- Indices de la tabla `artistas`
--
ALTER TABLE `artistas`
  ADD PRIMARY KEY (`id`);

--
-- Indices de la tabla `canciones`
--
ALTER TABLE `canciones`
  ADD PRIMARY KEY (`id`),
  ADD KEY `genero_id` (`genero_id`),
  ADD KEY `artista_id` (`artista_id`);

--
-- Indices de la tabla `favoritas`
--
ALTER TABLE `favoritas`
  ADD PRIMARY KEY (`id`),
  ADD KEY `usuario_id` (`usuario_id`),
  ADD KEY `cancion_id` (`cancion_id`);

--
-- Indices de la tabla `generos`
--
ALTER TABLE `generos`
  ADD PRIMARY KEY (`id`);

--
-- Indices de la tabla `membresia`
--
ALTER TABLE `membresia`
  ADD PRIMARY KEY (`id`);

--
-- Indices de la tabla `playlist`
--
ALTER TABLE `playlist`
  ADD PRIMARY KEY (`id`),
  ADD KEY `usuario_id` (`usuario_id`);

--
-- Indices de la tabla `playlist_canciones`
--
ALTER TABLE `playlist_canciones`
  ADD PRIMARY KEY (`id`),
  ADD KEY `playlist_id` (`playlist_id`),
  ADD KEY `playlist_canciones_ibfk_2` (`cancion_id`);

--
-- Indices de la tabla `usuarios`
--
ALTER TABLE `usuarios`
  ADD PRIMARY KEY (`id`),
  ADD KEY `membresia_id` (`membresia_id`);

--
-- AUTO_INCREMENT de las tablas volcadas
--

--
-- AUTO_INCREMENT de la tabla `albumes`
--
ALTER TABLE `albumes`
  MODIFY `id` int(11) NOT NULL AUTO_INCREMENT, AUTO_INCREMENT=7;

--
-- AUTO_INCREMENT de la tabla `album_canciones`
--
ALTER TABLE `album_canciones`
  MODIFY `id` int(11) NOT NULL AUTO_INCREMENT, AUTO_INCREMENT=7;

--
-- AUTO_INCREMENT de la tabla `artistas`
--
ALTER TABLE `artistas`
  MODIFY `id` int(11) NOT NULL AUTO_INCREMENT, AUTO_INCREMENT=7;

--
-- AUTO_INCREMENT de la tabla `canciones`
--
ALTER TABLE `canciones`
  MODIFY `id` int(11) NOT NULL AUTO_INCREMENT, AUTO_INCREMENT=7;

--
-- AUTO_INCREMENT de la tabla `favoritas`
--
ALTER TABLE `favoritas`
  MODIFY `id` int(11) NOT NULL AUTO_INCREMENT, AUTO_INCREMENT=6;

--
-- AUTO_INCREMENT de la tabla `generos`
--
ALTER TABLE `generos`
  MODIFY `id` int(11) NOT NULL AUTO_INCREMENT, AUTO_INCREMENT=7;

--
-- AUTO_INCREMENT de la tabla `membresia`
--
ALTER TABLE `membresia`
  MODIFY `id` int(11) NOT NULL AUTO_INCREMENT, AUTO_INCREMENT=4;

--
-- AUTO_INCREMENT de la tabla `playlist`
--
ALTER TABLE `playlist`
  MODIFY `id` int(11) NOT NULL AUTO_INCREMENT, AUTO_INCREMENT=6;

--
-- AUTO_INCREMENT de la tabla `playlist_canciones`
--
ALTER TABLE `playlist_canciones`
  MODIFY `id` int(11) NOT NULL AUTO_INCREMENT, AUTO_INCREMENT=7;

--
-- AUTO_INCREMENT de la tabla `usuarios`
--
ALTER TABLE `usuarios`
  MODIFY `id` int(11) NOT NULL AUTO_INCREMENT, AUTO_INCREMENT=6;

--
-- Restricciones para tablas volcadas
--

--
-- Filtros para la tabla `albumes`
--
ALTER TABLE `albumes`
  ADD CONSTRAINT `albumes_ibfk_1` FOREIGN KEY (`artista_id`) REFERENCES `artistas` (`id`);

--
-- Filtros para la tabla `album_canciones`
--
ALTER TABLE `album_canciones`
  ADD CONSTRAINT `album_canciones_ibfk_1` FOREIGN KEY (`album_id`) REFERENCES `albumes` (`id`),
  ADD CONSTRAINT `album_canciones_ibfk_2` FOREIGN KEY (`cancion_id`) REFERENCES `canciones` (`id`);

--
-- Filtros para la tabla `canciones`
--
ALTER TABLE `canciones`
  ADD CONSTRAINT `canciones_ibfk_1` FOREIGN KEY (`genero_id`) REFERENCES `generos` (`id`),
  ADD CONSTRAINT `canciones_ibfk_2` FOREIGN KEY (`artista_id`) REFERENCES `artistas` (`id`);

--
-- Filtros para la tabla `favoritas`
--
ALTER TABLE `favoritas`
  ADD CONSTRAINT `favoritas_ibfk_1` FOREIGN KEY (`usuario_id`) REFERENCES `usuarios` (`id`),
  ADD CONSTRAINT `favoritas_ibfk_2` FOREIGN KEY (`cancion_id`) REFERENCES `canciones` (`id`);

--
-- Filtros para la tabla `playlist`
--
ALTER TABLE `playlist`
  ADD CONSTRAINT `playlist_ibfk_1` FOREIGN KEY (`usuario_id`) REFERENCES `usuarios` (`id`);

--
-- Filtros para la tabla `playlist_canciones`
--
ALTER TABLE `playlist_canciones`
  ADD CONSTRAINT `playlist_canciones_ibfk_1` FOREIGN KEY (`playlist_id`) REFERENCES `playlist` (`id`),
  ADD CONSTRAINT `playlist_canciones_ibfk_2` FOREIGN KEY (`cancion_id`) REFERENCES `canciones` (`id`);

--
-- Filtros para la tabla `usuarios`
--
ALTER TABLE `usuarios`
  ADD CONSTRAINT `usuarios_ibfk_1` FOREIGN KEY (`membresia_id`) REFERENCES `membresia` (`id`);
COMMIT;

/*!40101 SET CHARACTER_SET_CLIENT=@OLD_CHARACTER_SET_CLIENT */;
/*!40101 SET CHARACTER_SET_RESULTS=@OLD_CHARACTER_SET_RESULTS */;
/*!40101 SET COLLATION_CONNECTION=@OLD_COLLATION_CONNECTION */;
